6523,3108,6656,8217,6868,4927,6211,445,1598,5952,476,756,1881,4937,268,2510,4791,8683,7261,9469,786,7862,1662,5396,4234,9007,7265,5802,9699,2450,4121,7394,7460,4922,9614,5239,2310,706,9360,8169,8581,3949,2391,908,5463,4902,9900,2705,8219,7609,8803,9872,1833,7859,4310,8250,9497,464,8265,6310,2767,3677,6456,3563,231,2402,993,9401,9634,4347,8609,4901,8187,3413,6591,4977,6957,2943,953,9136,1030,2407,7951,3605,5087,9431,1054,1490,5229,4903,7276,8344,8402,9054,6973,3894,9248,222,5539,28
4554,4225,6303,9659,4112,3950,9390,9302,3528,4278,8942,1681,3434,3745,5202,6547,6464,4714,1605,984,8138,4561,2507,5130,1383,4264,4365,6260,458,2076,3215,9125,981,3405,9120,5708,2666,1841,2167,1363,6538,5062,3612,247,7020,6628,9954,7534,9857,6163,1120,3411,5947,3663,6813,2718,4930,1608,9880,8634,1477,1579,3214,2023,6991,7566,8933,1145,8823,794,8715,6401,3107,8371,1526,9290,7799,5782,3318,1928,3903,5094,8532,0,8425,8809,6017,3755,5193,4348,5639,104,9125,1932,1274,7271,31,4413,7216,8650
8493,1188,2925,2074,2746,5038,5324,9789,5095,8720,4163,2276,543,4012,7958,1065,3627,3852,356,6697,1718,3380,1145,9265,7664,837,3239,6160,6679,5533,2934,9762,591,5779,3521,7023,3049,1502,9484,9830,7279,2567,8769,3958,6309,5811,4966,2325,8739,6962,7832,7405,6385,4076,8554,5965,5531,1309,3225,6614,6601,5034,675,4131,1726,7201,1150,3016,101,5662,9375,980,2188,6516,9735,2307,693,9207,7686,9930,5356,6527,5244,9888,2422,46,9015,2096,2479,5653,5045,724,2112,2806,6818,8864,9020,4327,9389,7838
9667,4701,5392,4133,3202,7231,4144,9659,5327,4719,1559,9133,5200,6658,1344,9065,1806,1442,3315,1486,8061,7445,182,9451,204,7845,1063,4226,2244,2781,9244,9428,5974,5911,8290,9956,6471,776,6386,9672,2649,7120,691,6850,7521,2120,7525,3526,9887,4166,8647,7470,1337,811,9554,4177,9305,6682,2251,8761,5969,8594,8665,4422,2530,9343,5009,4722,117,9911,3018,313,7367,1663,358,713,8399,7335,7076,1982,9096,6672,5028,8048,5425,7399,4199,8848,3232,8638,2782,5310,9311,6583,4929,7451,4835,3987,6737,7631
3689,1181,5123,6304,5510,1908,7359,5706,9596,1268,8810,7419,8402,7606,4069,1634,8560,8866,8313,4169,4619,2383,5661,9283,1582,5586,1808,2225,8785,4501,2762,1804,1710,3531,2011,7508,7486,4788,8332,2243,5793,7529,9696,6851,9903,9919,7852,2996,3192,5771,9316,8538,6446,1258,121,7779,751,4517,6208,657,1467,545,4278,6180,9470,5954,6411,1597,4526,2329,8310,850,4652,4968,3318,7391,6803,2226,9114,3641,2932,4751,4603,5014,8277,2833,9636,7407,2948,9257,4185,9648,4157,1922,8104,7962,5123,9939,684,5823
7862,4666,9233,2835,2342,7299,7745,4744,4314,9546,5525,5948,2892,1084,655,3090,8010,1730,2359,927,9143,2907,6315,3184,8673,5724,3052,168,4867,9457,7779,7165,8042,7069,1137,1178,8655,4643,9944,2985,8343,7955,302,4625,2575,5807,8202,7593,2946,3651,6881,4880,7546,122,5785,2569,9620,9951,4705,1556,8408,9881,4579,5278,4096,1353,7996,2195,5539,8957,4957,6172,1485,6462,1622,7051,4279,7998,6442,4443,9459,1583,6665,7230,5828,2884,753,3390,6508,9469,282,1083,1300,3335,1745,609,8540,1871,9912,920
338,5750,9954,8804,3260,3748,5769,8109,9800,9393,1976,7407,1761,4348,5941,9955,6555,665,7549,6054,6618,6475,2907,2466,8560,8872,9007,5941,3551,8062,5547,5386,8965,1672,343,8879,9002,3665,8136,4284,3883,5482,3489,3648,3122,1831,346,1531,2306,3446,1161,7774,3784,2085,8606,7344,8795,3982,5387,4632,6931,2262,9760,3813,2224,7651,7593,9407,3418,7470,6114,2348,7014,8930,7814,3090,2276,3597,3120,5955,4851,1826,7887,3595,9314,4410,1231,3598,8468,7493,4705,5529,7678,8720,8798,8369,1667,123,2508,9165
2583,7518,1269,9117,2759,1461,7215,7342,2432,1710,5677,9071,8183,4112,7347,6883,2120,5548,1648,5461,8982,9226,2311,147,12,9843,6699,6806,804,5947,5315,2873,5865,5722,3717,3493,828,75,2603,3416,2414,1875,441,2906,6843,6774,6404,981,5443,2002,8376,3028,5467,4500,3518,7398,899,7030,518,3431,3933,1748,5981,9417,5348,7935,6062,4022,2521,9769,1854,7733,8077,6516,6267,7054,8505,6490,5337,7710,3302,2174,5398,279,589,50,382,8815,4582,196,8584,8087,1514,7707,5864,6278,444,7528,6793,2996
7613,311,8692,7872,7866,7372,9194,5280,9186,1846,6054,1091,9890,7610,5870,2737,9416,2601,3974,2192,2994,7412,9266,3926,6704,6391,8425,6338,1605,6941,3416,9212,768,4956,2256,7408,8024,4862,1130,7927,2379,884,4733,5174,2373,6408,9842,619,4647,8669,946,4748,2949,342,6199,4046,7276,846,7667,7393,9784,3941,6699,9422,7805,1603,2068,3369,9864,8047,5414,7120,7521,2928,6021,9395,1785,7363,6758,3038,253,559,3973,3770,8843,2176,228,1811,9645,5713,8753,8455,7651,6062,8364,8804,1287,9446,7895,4372
7797,7052,413,9655,5036,3029,8832,1126,9805,906,6150,2010,9563,2640,6896,6195,8423,3558,2287,7412,4613,8607,3350,1010,5588,7868,2741,3207,2079,3663,8212,8788,3981,4254,9777,7580,6637,3336,7584,6675,7133,7603,5631,4223,4354,4147,3814,4335,608,3309,6547,3110,4774,8257,8056,5099,6839,3200,6699,7818,6188,9042,5869,2394,3375,19,1173,1992,226,1912,112,4110,3663,63,9433,2541,244,248,3936,3267,4443,7895,9215,4349,2407,6809,3211,4342,8250,743,1142,3774,1931,799,9418,8412,7091,2405,4538,5496
3077,6862,8362,2100,8722,2720,5968,8669,3656,3839,1654,4472,8240,7331,7156,9756,3847,5988,744,330,4787,1228,3796,5481,1681,7823,2689,663,2970,6823,7284,6938,4052,1194,1808,6327,204,8171,6351,1365,1174,8991,9395,1821,1363,2957,2088,8008,5334,2789,8174,4668,4103,9696,6599,6470,3756,9538,5832,3617,571,5863,5284,5586,6880,6475,985,6350,2530,1454,6348,1198,7145,1370,4294,5585,5473,3134,6040,4409,407,4030,4400,8245,278,5207,4226,9569,9683,4833,6291,8116,5355,9062,4825,2234,4991,6998,980,2945
2342,823,4931,5012,9340,6321,439,6012,589,211,9680,9913,6404,691,5185,9127,139,4497,2885,6103,6137,453,2066,9382,2291,2117,6671,240,9818,7164,3701,9145,742,6428,9654,2668,3668,9086,1789,9237,5787,7635,807,5778,2190,3539,1144,230,1009,2210,7151,4888,7775,7478,3399,6290,3005,6747,6841,2990,3989,6202,739,6150,6848,7176,8082,9502,9001,1988,5162,77,9728,4106,1327,7866,3819,8234,6042,4216,3365,9007,2772,8972,1854,2256,8135,8879,57,374,3988,7179,7928,5349,9358,2085,5086,2457,337,4987
566,5834,1073,8645,5625,2297,5899,5634,2601,6369,6694,4403,9271,5815,2493,4112,374,1289,8068,9945,3734,516,1599,5143,6084,6926,5778,1208,8433,5955,8027,7007,7227,2949,1357,5253,7079,6720,3001,6172,1016,3148,6115,2682,1194,4181,6356,4070,4207,2409,2633,2534,9833,4383,6806,4451,4168,2947,7764,9048,8687,7798,8297,9095,6256,1281,7556,8202,4069,3110,5355,8039,1007,9458,9173,6063,6394,4515,7771,6623,7359,2597,3487,5199,8409,5582,4889,4653,5639,7958,3637,4357,8389,9022,8199,8385,558,3061,781,2195
8953,3124,2014,1976,7776,7404,6850,2777,4057,2402,6311,125,5622,708,8059,487,3910,492,4426,6991,4111,2607,925,1473,7892,9556,7834,5368,6912,5492,8623,4525,3069,9255,3783,9939,3730,8519,4657,7503,8413,5063,5176,9106,8022,4383,1468,5363,292,670,8504,7078,3773,5431,7008,8760,5576,9771,7548,3539,4459,4287,4669,6063,9688,3811,3083,8114,383,8508,982,6151,9322,4556,8280,1677,1720,7505,2070,1414,7577,2061,9799,110,3839,6350,9199,2342,3666,5308,3056,8934,8851,5086,2301,3993,7660,3337,7815,4711
6296,5225,2813,8751,5946,2771,2817,1398,7298,6527,8144,2355,8783,3778,7024,1894,4247,1913,8334,359,7465,2129,4501,9215,3260,969,9714,1175,2445,3606,475,9236,7324,9326,9649,893,9434,8200,3359,2383,3624,6600,835,4663,5207,6925,22,6266,6775,3047,6129,1660,1903,7,5238,4721,8868,4264,1640,3078,1569,8984,2222,3225,7564,9521,7029,6177,7394,9168,803,9071,4414,8866,4101,5996,252,3838,2998,433,6978,2933,5422,9213,7271,1978,5272,9714,7247,6554,7088,6861,7525,1809,8695,1019,4435,574,2621,114
8512,9059,5450,6591,4013,1800,3857,3797,8139,9431,9299,6949,6716,3444,3109,6032,4854,2435,5948,6305,1100,7005,4616,469,5426,1951,8417,3498,4095,6036,2714,9715,6146,9882,8091,5176,5142,400,5487,6789,6376,4997,9996,2644,5169,9428,8042,9474,3124,8918,3266,6082,5664,3520,9753,707,3390,5365,1669,8352,2359,563,4853,1816,989,4636,7746,710,9721,9679,4830,328,9864,6764,6138,6621,6200,9701,2868,4692,5455,93,364,5329,9251,5570,1518,7750,4575,1394,7293,357,9503,3209,3474,6105,4181,2160,6657,9948
3229,2166,9790,1115,4939,6564,669,275,7546,4558,862,9261,1913,9249,7379,9490,5569,4978,8224,7642,2659,4223,1565,9771,8070,6010,8797,1827,3556,3132,1894,7064,4514,4446,978,6825,6691,7425,8546,3669,250,3902,3131,5855,3004,7880,6382,4383,7621,5009,1370,7370,8630,5893,3234,4650,843,9950,3896,9953,3857,3149,5038,3031,9527,6474,4079,1928,1968,375,7205,5196,5716,3734,7550,6713,8666,3524,6920,862,5280,2723,1727,8305,4328,1693,335,9158,7239,5924,4687,4899,4199,9761,3538,4322,1336,2219,5383,526
2057,7612,8937,9775,7106,1407,2382,5155,7988,1072,4955,2103,7103,7865,723,4744,572,5649,6993,110,1263,421,7733,9862,9012,393,5819,3691,1754,1406,1709,8028,9382,216,5097,1615,8219,6004,4906,9824,6389,162,2952,4968,5452,6992,5418,4222,9408,7548,6412,250,8906,422,6086,8611,4142,2070,8569,6418,3988,8890,7793,219,4662,9927,739,5916,4330,9155,2988,3914,2254,8369,6380,9941,2062,3012,4040,6489,3698,4057,7009,6930,9826,2073,3812,1346,411,4891,281,7905,5999,7747,8968,3438,4932,328,3013,6538
5933,5211,6001,3056,8517,6971,3847,6925,2359,2483,6837,5732,5012,4629,5339,7210,3473,9363,7559,4462,773,5056,1192,1177,2813,4809,4299,811,7861,7329,94,1352,8442,218,6714,9551,6227,7568,3609,5671,592,5971,8338,6074,5633,2192,4994,1622,2582,2651,75,4362,4567,915,262,445,793,1082,839,2068,1009,8114,754,2354,5455,2388,4136,3707,3437,213,4985,9526,5624,4521,3170,325,3522,8183,5544,7528,6215,1458,835,7146,1919,4206,2652,4330,7454,7304,4508,8808,6176,2264,667,4678,3504,134,1986,1987
6413,9083,3419,809,6515,7332,5430,50,1293,1691,580,5254,8162,1609,340,4922,742,5055,2149,9952,7150,8723,8349,3639,2954,8699,219,4339,7059,9056,2460,101,5404,7426,2796,211,7319,5787,8471,6975,8562,1074,7637,246,864,7583,8242,8797,3549,5946,3938,6489,1497,2224,3899,6774,3231,3990,7404,4108,8630,439,7612,5950,9859,6148,9365,511,1584,7418,8014,6374,8980,9350,9172,1364,260,1372,2387,2462,2150,7518,3478,7345,6525,5066,179,9547,3702,1068,4972,6238,7967,1182,7846,920,3949,590,4712,3544
7731,4793,2421,9276,2831,1106,5811,5732,6021,5543,7297,5347,3404,2254,3770,3683,6092,9599,469,5402,4505,9268,7189,5039,8490,129,8368,1167,3692,2703,8201,5743,3607,1601,3940,299,8414,6581,228,5463,5901,1134,2275,1126,1313,9882,108,3225,8943,6425,2577,3350,2085,8854,1623,9552,5222,7756,58,9739,6484,9364,4791,1454,4930,1875,3068,4236,5421,1134,7144,3826,9250,8258,8496,4227,6310,5444,5316,9314,3735,6875,8043,2440,590,3580,541,1232,2154,3590,6066,7800,7254,5726,5125,7950,2011,3332,10000,243
5942,9639,4951,2531,4314,3117,407,7892,9833,8244,7775,5717,6151,7754,7133,6496,687,8551,6978,8389,8705,5151,8710,4342,8301,398,9626,6383,5883,1714,4812,6928,8048,3192,4046,7160,6525,6411,8883,5890,6119,9940,5012,7704,6256,8444,8175,151,4304,9770,4030,4897,3214,1758,9202,6363,6123,8545,4172,7474,3556,4610,4691,7499,3948,1395,2495,5952,732,1216,9807,8951,4012,2115,1545,8184,9998,3007,6605,9095,8790,5613,3213,9646,5477,1584,1468,9401,7713,7328,9056,8971,4799,5551,9449,6080,9329,6757,4668,6695
8503,3633,9269,2075,3138,2400,5818,4138,2652,376,9337,6438,3867,8088,3403,1172,5604,1207,5510,5289,7340,8670,5979,7217,919,3641,6680,6769,3807,4533,3688,3915,772,5918,1007,6286,5806,8308,4422,5566,5076,9184,6462,487,3079,2874,658,2964,823,7041,3462,9176,4567,8330,605,6710,6792,1115,1992,7567,2773,380,8541,6835,733,862,6923,9210,1076,1344,9207,7456,3388,5231,941,5787,4640,6768,1064,3931,9156,990,5478,8015,1984,1987,920,6076,8886,4330,9840,6703,2948,8784,8797,499,7628,7909,3677,3058
9004,6049,6234,3314,5145,999,2336,8139,3407,690,2423,4119,319,4311,4213,4295,2273,8004,9355,4190,2489,9485,9668,1029,8009,5743,1,2758,3175,8751,9762,9694,3592,6364,451,24,3921,3768,7488,2849,9221,2836,3775,7458,4943,5774,4843,3414,6008,2893,9378,7068,8377,1935,1295,7378,1223,6413,3244,689,3527,9399,603,5639,8118,7116,382,4321,72,9886,1931,9809,6598,4663,2433,8470,6723,1998,2712,5957,5873,104,5613,7377,8756,5290,8366,7214,8518,4183,13,4426,3897,5317,5271,5580,372,5450,54,8792
5020,9115,4881,4046,9560,8147,9079,3275,7310,6690,231,8121,6193,3297,5801,2722,1123,2633,1709,521,1068,6572,684,5468,4936,9532,8413,1086,7439,2734,9792,4541,468,2229,360,5430,4417,6509,198,3049,9569,1993,9562,9502,618,2589,3088,502,5260,2295,2050,7727,9485,9653,4745,6021,4499,795,4378,1379,61,7225,8552,9462,7091,66,5924,2261,9528,1121,1220,6642,9612,8503,3572,6831,945,2775,3139,7455,5486,3366,3598,4127,9351,7338,6440,4539,7477,3277,1602,4035,5611,4329,923,1714,7680,6663,4702,9875
3946,2214,6225,8078,3694,5308,9318,9735,770,9429,5440,6162,9446,5218,7815,7564,7706,338,9941,9911,5232,8892,3269,4538,1797,6671,2745,3820,9788,9462,1102,1148,8574,7982,2788,9641,2710,5294,7900,2459,1697,3601,6999,8807,523,2489,7769,3609,530,7224,983,9611,5268,5482,6021,7286,5966,7898,7388,4648,2255,4205,1827,7972,5122,6257,2408,5108,167,5482,3044,9195,1254,9353,6112,1609,9857,3385,4398,4556,5809,6111,5377,7603,1670,8807,6193,5928,3865,1513,3835,7778,2843,3529,6432,4517,2141,5365,7052,2501
4588,7942,7070,5630,124,5320,4693,8767,8471,3266,7043,1463,2309,9019,6077,6116,2040,3140,3898,6859,1611,3185,4791,3077,2469,9308,5210,3171,3631,7595,8929,1594,9374,9729,1267,4381,8642,6026,5552,3391,2352,9727,5166,3755,8225,5849,7269,3593,7053,6203,6516,9235,5413,8239,8525,3430,6390,9243,9457,7394,3407,3685,8095,5798,76,4745,9627,714,8492,691,1313,6324,5412,2721,3103,7317,9087,9125,1444,4379,7401,4175,8673,2878,3589,4349,6997,7701,5966,1746,3362,3282,6210,9328,6296,2536,7720,4874,809,5179
9680,5846,4073,532,5502,5397,6451,4668,6006,4513,8529,4752,2996,1710,66,3299,3957,1419,1628,7513,6586,9298,8310,7710,1016,5669,9169,8240,6886,3547,7940,4620,2326,2056,2523,2766,5318,5146,9961,6597,3816,2582,3902,4205,9264,7388,8694,2381,603,6651,4711,5505,7058,6562,1677,1122,244,6108,8308,3925,1761,3922,5535,5944,5888,791,2204,8595,7688,686,6425,3133,365,7527,5088,6633,2968,4849,7810,3875,9388,9506,3850,7922,9474,4704,4099,5255,5241,1088,292,4193,2350,3675,3792,4111,6981,1279,8482,9454
6435,8760,6852,1118,2425,825,6109,6533,7588,6138,5532,4290,7266,6453,9086,4346,4304,4665,9466,2950,5206,7195,86,2043,8240,4628,7771,8821,4864,4289,882,1472,6555,9435,2838,3019,1717,6838,1386,5883,8625,8805,3710,9570,7606,3586,9071,3283,3730,9283,2866,5258,1574,5246,5183,3993,1237,8274,8857,3714,2964,6607,9309,6972,7777,6621,7321,3916,1834,2827,1454,9032,4072,6672,2142,2490,713,8444,2252,268,5397,4703,1720,6649,975,1341,5749,8061,3416,5007,7001,9529,3840,3393,2777,5821,4388,6677,9686,3956
1310,3129,9186,1682,1384,2225,4129,6050,7917,9459,5057,880,8153,3495,6070,6659,2666,1463,1900,5366,9815,1399,4986,2173,5070,777,8236,3135,4021,7041,8886,6082,5620,2547,4059,4539,3731,6162,1175,8127,1957,8820,8262,434,7754,5121,264,8366,7151,7313,2860,3992,7923,4020,5674,9864,8310,7166,3834,6650,9203,2457,5002,3165,7768,3717,240,672,3184,3855,3547,5264,8943,2092,7229,3288,6478,9002,5434,7345,56,3368,2392,3257,6622,3575,8871,2011,692,9182,9849,7164,2020,4627,4525,9337,1542,1813,2499,5864
2199,5923,665,3948,9447,7727,8660,2326,5602,1935,4872,7324,1086,6841,2401,342,5306,1743,1209,3654,691,4849,5776,2104,1817,9453,5820,4175,1751,8861,6257,7267,4517,6139,6019,1733,4793,5403,2738,2683,5663,958,2305,6019,1981,5999,184,754,1517,9602,8876,7926,8652,9381,2367,5917,3096,9690,3411,7064,7652,5609,3961,5960,9771,6919,290,5158,8157,1485,6421,25,6758,29,3659,589,1116,7532,2935,5271,2098,9841,2038,2513,5761,8486,600,4725,5629,7754,4929,7529,710,8076,1551,8093,5142,9537,5713,1345
9773,703,9813,2985,7852,7640,9099,8758,1871,7190,6615,2655,2638,850,2328,2712,6473,8646,9218,9648,8240,5872,3996,5991,1920,9333,8502,8301,2445,1863,8439,5553,5811,721,219,1442,7757,1349,4415,9843,2558,6211,2443,2951,1506,4053,7771,1398,9423,993,9908,2397,5897,5890,1548,9944,4281,7786,6535,8964,642,9733,1927,3482,9713,9626,4947,4250,2401,353,2670,3179,6553,3638,5607,6125,9226,4168,5398,3669,6402,1583,1250,2555,9484,1554,4693,7508,3002,1167,1556,5818,6329,9134,4280,645,2774,9081,4509,2541
9523,4548,8305,9935,9877,7551,9997,2528,4967,9395,9779,208,1794,8996,8505,491,6194,4877,8414,7585,3890,8121,8406,2208,7428,1737,6119,8897,6384,770,1472,755,6575,6972,9923,8689,5523,4965,8030,5622,7142,6744,1865,3525,848,6404,5731,4054,4609,542,6141,3587,18,6221,1150,7154,7112,7228,5140,6980,8479,2617,8023,8451,5096,8119,7445,8734,6180,7870,6487,970,2358,5082,9121,5154,1799,9370,8384,2664,9172,2970,5041,2244,2392,2663,5959,5060,5016,8348,4538,4499,1807,7099,3888,5825,452,563,1828,4387
4301,1821,5113,5622,2995,2128,3666,9884,9029,3184,534,7776,6323,5929,1749,4928,1755,3401,8520,725,7869,1669,9845,7729,3347,1134,1572,4650,348,7420,9647,8775,9824,1556,1667,5612,640,4782,1895,8457,715,3830,7099,1465,3409,6051,5189,6356,4814,392,5754,5436,4627,4578,8678,2734,4707,5918,9323,5610,8935,2109,873,2211,310,3988,8163,4696,1522,3510,7665,141,3701,9373,5844,9829,5744,6610,1402,5962,8254,6694,1664,2448,2319,8228,6965,784,9125,9780,1669,4696,236,2693,5131,1223,8114,3059,9630,8096
1275,7001,9988,7342,2908,2048,4501,7770,5541,7835,7088,7721,2858,6658,8692,1750,2007,4129,7261,6545,8498,8831,4985,4990,8727,6089,7949,5949,1871,115,2501,4945,9435,6840,8671,3493,5195,3249,2075,8065,2184,996,8765,327,7987,1433,2834,6929,4977,2939,9246,2310,8018,2126,2117,6612,441,5109,4908,3682,9220,3074,6586,3868,7668,4854,9515,9074,1892,4302,5232,8305,9375,5107,5476,6441,6981,8064,8307,1349,811,9170,9985,5499,7788,8442,388,14,2955,5131,0,151,5779,779,7024,9805,6597,7372,898,3999
2004,5438,7446,6731,5344,6223,1006,3855,1228,2992,7340,9162,9126,9099,8636,3434,6311,9138,7488,3575,653,6611,9312,2886,1180,9826,2192,3842,3837,2,2932,9779,9354,4526,9296,8628,9494,2461,7594,6934,2849,677,7440,3470,4505,1398,2290,5014,8809,1577,2315,5109,2801,2932,6300,3419,6308,5321,576,5846,6187,3715,1460,2025,4515,9159,9725,492,6136,4955,4049,1801,1695,6270,2399,7126,5978,2636,4094,6517,850,8858,9140,9096,7988,5362,3335,372,7997,1051,973,6941,3303,5784,2169,2633,8859,988,8316,345
4959,6554,8667,9606,2445,6110,2489,2329,686,8878,3879,6174,1389,6702,1618,3453,3167,4549,4166,8299,5508,6850,9323,1155,7911,7094,837,3907,2449,639,6678,521,7428,5745,5093,1338,4382,3906,909,6342,6250,146,427,5421,5412,3272,7270,9974,6369,1251,9760,920,2798,7606,4081,8124,2438,9932,8901,7940,2112,9126,1569,2121,8577,7866,1462,3229,4880,7568,5603,7952,9142,694,8755,5038,6432,4364,3946,3296,5571,4485,6302,8805,2758,18,6666,2539,2954,926,8064,8212,8617,8499,8423,1951,1829,3900,3067,9169
2887,3246,937,9726,4548,3473,4669,8844,2756,2652,8475,3145,9069,1173,4093,693,4891,9315,2102,8492,2132,3164,8558,2041,8856,3337,6898,1614,8739,2416,3856,209,9590,4675,71,3898,833,6976,2244,6138,5807,3831,4670,6717,4760,1077,296,8674,3586,5109,9345,7859,4265,6127,9638,7221,7407,6070,5314,2354,7437,9052,9994,1477,3798,1175,1391,4044,3132,7661,8891,4270,7124,3071,1884,6295,3481,3241,6627,539,7182,6487,1500,1427,6417,6036,7643,2838,4162,699,5628,4131,7955,2221,9773,7384,2664,2995,276,932
2529,2698,3541,5370,2723,8521,9861,5555,8281,7574,4245,589,4653,1905,9226,8020,6815,3689,8619,8576,7600,8450,6895,191,4068,9992,9613,774,8683,8730,7382,8336,7757,7254,7976,3044,263,6102,1709,1649,1237,5487,5787,9952,5367,4972,8510,1983,390,3640,183,9395,4661,6808,9701,8900,1957,7861,6577,3336,8187,5550,7870,7709,5585,7529,8896,5463,6973,2295,9547,7854,1801,5560,5830,163,627,6178,5199,906,7123,5715,8326,9446,6793,9736,3970,8149,3335,9300,8993,6297,113,7439,9169,4653,6913,8899,3674,1901
9401,1318,3188,6813,3474,2305,5946,2416,103,3100,2105,2109,6659,5514,8982,7822,7655,5742,8770,3567,148,8885,3498,3124,4412,9720,5566,5207,7197,1252,9514,8753,9441,8471,5561,9453,6055,2147,7150,8056,1548,6405,5084,7248,7535,8003,8018,7219,6121,5035,3889,9050,4009,501,853,1769,2560,1019,7552,4349,6213,4736,7838,5183,74,706,3145,8874,3117,4146,8755,5504,7112,2703,1662,6530,8642,7096,8384,2937,4843,2445,3942,2291,8175,9131,7347,5845,2807,3876,2332,8709,9684,5877,9235,2856,1144,1319,2821,7059
4019,9175,3398,6483,1856,4538,8887,6327,9250,7599,4207,5850,2149,6537,5121,242,7480,7617,204,5890,2096,9843,5062,2222,9437,5120,4613,8158,7598,5959,7000,7119,5282,2589,6204,2555,1667,9075,3655,6704,7086,7826,9578,5820,3586,69,3646,9114,4832,7340,6038,207,927,4157,9968,4813,9466,9866,9942,9956,4029,3216,8409,8583,3268,3897,9873,5,2001,7746,6082,5264,5070,1959,8655,1921,6549,9322,5514,3694,1874,2178,4364,386,1555,9579,3891,2731,6890,7037,8993,4351,3024,6866,430,7171,2321,8936,2482,4566
110,8597,8606,9426,5618,7914,6483,2609,9456,1349,7968,6446,9684,4490,8427,9271,8265,2233,3883,8738,8986,6298,5901,5855,8771,7184,1770,7819,227,59,128,4323,312,4395,3794,2156,433,2239,5504,7372,4316,9027,1962,1327,7781,6459,3097,9138,208,2166,1833,6136,1688,9406,5685,8914,6019,4898,9433,8159,5984,2303,5382,1468,6316,9557,9631,8861,3725,9695,7363,5727,2231,4651,3521,6016,1815,8149,2035,5601,2713,2177,598,9303,4806,9399,885,2732,3354,1907,35,271,8134,8018,212,2223,3505,2040,2821,5754
4613,5340,2184,706,6699,8597,192,1887,8556,7582,8329,9932,6571,1102,2080,7155,2353,9216,5170,9911,6848,665,4590,4559,2657,1965,8399,4621,7697,6842,4673,9197,4054,2338,4844,9856,8747,3764,8408,5672,9512,2615,8979,9133,7718,6861,9451,4502,4441,1319,4934,2706,6258,4438,5659,7306,4037,6293,8111,8198,7909,4283,7455,852,2900,7117,5056,416,5526,458,2249,7035,2791,1752,6683,1335,7791,3558,148,2816,7406,2365,6250,6073,9891,7377,4829,9188,8529,1767,4933,6506,2760,7726,9292,3743,8525,4720,5955,8763
9410,7893,677,3326,9542,8307,1581,6306,5519,7141,44,5239,7941,2784,9269,8689,4166,2997,7758,4923,1801,4528,5782,3531,5599,8549,5544,9530,8795,5331,3571,8204,957,6364,193,1250,1684,6906,6482,778,137,4256,4513,2053,6148,7333,4769,5390,8790,2589,8417,1157,6607,903,5904,3025,8694,9190,1322,6754,5863,1398,3558,9392,8979,4303,519,5746,8095,9059,3731,8691,4338,5060,4542,2755,7657,9771,7226,5829,6539,1242,4713,1885,8020,3617,87,1476,2019,2659,7705,5478,151,8696,8682,7924,6029,987,6806,8712
1742,6498,4775,3159,2433,293,2287,8974,8042,7854,6351,3754,775,7863,7108,6325,8371,3973,3666,6484,7488,6457,5473,6037,2515,5635,840,1222,4106,178,8578,2717,9557,6083,8129,9330,1273,1418,7842,8017,2937,3667,5979,9300,5113,1046,8046,4107,905,1237,2147,864,9060,371,2911,8256,1113,7248,5878,6827,1094,4886,8852,8816,2641,891,3952,9755,1157,9995,9375,5186,2001,9026,8498,2069,2363,9038,6719,614,1447,6751,7309,9601,9134,8587,9697,7077,810,8534,2339,4749,5935,1635,9982,1912,3734,3584,1038,832
8213,2589,7800,1469,4871,4389,8692,917,2215,7260,983,8213,5894,5936,2711,1638,2512,5010,3992,1779,555,6353,8438,5826,7456,9422,2962,4997,7254,2592,9008,8313,20,2412,6311,2332,833,5979,3405,8062,5017,3645,8138,6230,7501,819,8166,7743,8461,4655,2498,602,3386,9949,5322,4734,6054,7042,6509,3798,2188,2765,1169,6531,160,9680,7804,1022,9064,5210,4640,8202,9823,6063,952,3890,3933,2983,9095,4077,8307,6349,6123,9669,3610,1626,3864,8839,8085,5164,4965,1085,3185,9957,8738,4420,751,8313,788,9974
5448,2751,5361,1327,4047,8939,8379,2720,8269,7441,3987,7242,1917,9597,5337,6134,7559,1651,1238,9756,8487,7544,2569,6451,2078,9242,9884,1607,382,4966,2782,4109,5392,1370,2687,2810,4326,2343,2236,6287,3324,9204,1699,7664,7290,6677,5570,5731,5223,4556,6625,9035,6963,7412,2124,9919,8381,2435,1223,7781,8300,6513,2590,3084,478,3289,4508,4124,8575,7627,7879,4103,2769,6034,9386,3156,9267,3996,8532,4975,2945,6889,7194,4811,2816,1183,6141,5824,2357,4016,9586,1119,5254,2169,6838,6566,7146,1138,4332,5274
9747,6568,7968,2686,9382,3196,1584,9147,3341,8620,9085,6988,7914,1671,3787,3362,3369,2626,7134,9259,3881,3249,4283,1488,9206,8863,7933,9090,515,8269,3840,2159,3657,6692,9925,9046,5207,4724,9071,7030,2550,7942,6605,4914,9514,3676,8426,5193,6395,3067,1210,1603,8731,8223,5948,4687,2068,1833,67,8329,1142,5465,6562,6488,3076,4975,5172,8344,9062,5385,3493,4346,6572,7955,6930,8297,3366,9200,813,7194,184,5235,2447,2439,3369,5841,8204,8486,8789,331,443,1577,1465,5239,6837,5346,5245,5827,6827,8731
2764,1772,6377,3570,7809,4442,8007,5055,8938,7797,4261,7867,6995,1353,2296,4871,9260,5623,7985,7612,5417,6697,4543,8533,8600,3693,5497,5610,6727,2205,7403,7809,3523,2966,4943,4952,538,1177,9543,2822,343,4033,8025,6314,8661,3152,8456,4341,7899,2580,6217,958,6685,6568,5044,5838,9882,2233,1297,2935,3565,8693,8474,3286,9782,2054,8924,3379,6152,3952,1548,6569,4323,9363,3369,7109,3843,3314,2292,8689,8977,6530,3991,5911,373,9792,4518,8757,9366,8748,3767,2001,6522,1647,3425,659,2563,7405,8018,6999
3308,4012,8130,3213,7169,7234,4834,8798,534,935,9968,72,1430,7194,1876,1946,2111,8825,2468,1553,2323,370,3695,7498,7874,8325,9867,4200,6376,6880,9464,3164,1608,6224,3337,9791,4918,5429,107,3295,4810,6147,8521,4680,1414,6739,7937,6116,2900,6922,1065,2364,3882,4167,7195,9288,4985,5348,5086,8781,2622,3871,2660,5826,4043,5004,6814,8283,428,5914,1959,9260,371,4667,8133,2959,807,9789,2898,2874,8615,4673,94,4177,1076,8199,1712,6881,3742,3242,3942,3856,1734,4525,3479,1177,2514,7349,9921,7990
1545,3594,870,2682,8284,5733,7267,4578,2863,2852,6681,200,7078,4435,6214,3032,9086,5274,5209,1067,8757,7869,9774,5734,5378,5965,3612,5828,8011,908,2203,8102,3388,7497,6082,751,5994,9818,1942,4360,1077,9502,4265,9810,9420,2130,5752,5821,9455,3701,4664,2571,9625,8284,5615,5381,3624,7934,1080,7358,7582,5971,8356,4269,248,865,1171,6148,2481,8731,8807,5990,9206,3557,7599,3057,5041,8189,5263,3610,3057,7978,3814,4108,8861,3226,5703,803,633,1258,7317,4168,9966,8336,8914,4317,3463,1423,5374,2510
1531,792,6543,8224,2171,7647,4408,6021,5300,4670,363,2666,1727,2051,7827,4049,7502,2450,5774,8927,6513,4547,7391,5216,8319,6155,1745,5950,7289,2840,4386,3108,2854,4354,4870,295,5238,6217,1926,5478,6295,3937,5156,7702,4787,8248,1400,9558,7816,5340,2555,6122,129,2388,693,5074,1113,7021,9681,5673,8900,6852,8789,9291,1137,9457,7033,4075,6842,1810,33,6836,3313,3702,4349,9612,1358,3824,567,3167,2865,1337,7843,834,1247,588,2253,7501,877,5186,8196,2101,8084,2509,5695,6299,1175,5857,9491,3151
4099,497,4483,656,2936,9535,1368,9194,3939,7186,5319,9983,9655,5638,4581,2771,2614,7902,4881,6671,5863,6644,7261,959,2469,558,7005,3212,7076,997,9495,9395,5228,4234,76,4035,6499,6689,5607,8385,5364,7560,5670,7632,265,7115,9749,5045,6801,6424,6021,1652,6728,7546,5390,5232,1914,5940,602,3184,5036,8889,8358,5232,3839,6558,7001,1455,3941,646,2841,7972,760,6718,2126,953,1397,6954,1141,6,7841,3136,8164,3501,6266,2651,40,5481,9481,1656,8631,4379,4640,9570,9255,4505,1029,4679,1885,8403
2343,5536,1029,6233,8447,1439,3573,2609,7831,3485,3616,7916,9300,7721,1371,5803,2161,5389,1043,3515,5374,5721,4093,1722,79,6256,2808,6877,7575,274,8825,2855,9902,612,8197,1562,1099,6718,1099,859,993,2811,6360,3309,429,4259,4069,2143,938,3353,8054,1622,348,1212,4705,4584,9688,1249,6126,2045,7363,709,8294,4250,5240,7381,5232,4609,1335,1996,2219,3275,8102,7150,1819,6456,2670,4476,2676,5225,6336,1926,447,5382,9410,8527,3251,8556,9933,3744,3941,5654,5777,4091,2776,9495,4396,3906,2099,4094
9782,3979,2753,1685,5331,5704,917,8268,5059,6207,9230,3900,9415,8643,2041,9158,3366,2417,8534,2472,6986,3364,4760,5421,776,7880,4507,7207,3711,6859,7505,7336,3022,5383,564,2721,1021,7986,1420,4247,1077,230,7947,8518,2202,7898,7306,7828,7661,8894,940,5718,6191,2721,3527,4879,5375,5888,9460,6553,585,1174,1293,8715,7050,9144,6780,5799,9013,8241,829,8475,2903,4117,3618,5989,3210,1963,8540,4410,7518,698,8721,791,2916,1177,1035,8900,255,1273,5446,7094,8505,2184,699,6268,3595,8520,3650,8413
8436,7877,915,6102,5327,3233,8794,437,3288,7277,7247,4260,4761,1306,1686,4733,9322,4741,7849,1889,9514,3154,7531,9505,1409,5031,5489,995,1274,305,5499,6213,9505,1486,6529,2752,3437,9313,8270,3090,3110,4738,9117,9833,1948,4017,3611,2566,4275,3009,3977,8234,3592,9849,680,8209,9434,1695,2428,6502,8504,9853,7400,2496,9298,9263,2464,3963,4333,3537,3717,8079,2155,4192,2812,695,9723,6521,6768,341,9911,6184,5145,3099,5997,5275,4431,4968,2516,5618,7279,7388,2846,4111,2659,3753,9178,4927,8093,9915
7958,621,562,859,939,7310,3300,2012,7031,8060,8049,2764,5975,8964,1497,846,791,2604,692,4224,2869,2884,517,7076,9841,1623,7867,6385,7635,1225,7570,2552,9438,3742,5927,8531,3861,5310,1129,89,3008,6486,3112,4518,7021,2843,6181,7943,6107,6139,1956,5032,8151,1690,5391,894,7884,9382,1929,4941,6182,4125,8590,2924,3412,3170,3723,4950,3374,9563,1439,4638,3257,9013,9655,3533,5765,969,3286,4162,5718,1665,2879,861,5184,8033,9866,3909,2708,2695,8887,750,1114,3034,258,4202,1857,7867,9895,4877
3053,8230,7716,91,8089,1008,3073,443,8301,9248,5667,1531,245,495,4155,5987,5765,9817,1016,4767,5771,6192,4643,2948,9788,6766,1708,4460,2353,8514,4291,5618,8830,6918,1993,5898,9180,4852,8533,2675,7601,5842,3249,9461,5295,2983,1498,9857,6937,6029,488,394,4504,8877,8725,9567,5490,8864,9311,3579,6968,9716,5423,9317,7049,4812,7258,8452,1216,9312,6985,5225,7694,6673,9778,4728,4878,6695,4698,7953,4616,4175,6904,3127,6408,9980,7240,8634,1043,958,4036,4055,6780,372,6718,9902,8961,1853,9725,962
1341,362,6156,418,4095,4791,8748,5117,9709,7665,1374,1694,5919,7202,2381,6502,4351,9440,5178,9857,8854,2165,1628,2696,3674,4309,9130,8073,1017,7172,7796,9854,287,4025,4528,1124,2814,2948,6727,6635,4164,5465,5680,1753,237,367,2189,5805,1900,4928,5940,1093,5159,4583,2801,5934,7269,2716,7936,2100,3792,1029,2027,7559,4492,8381,6521,2623,9004,1552,4905,9173,2636,6036,3523,5919,1228,5413,2517,9096,6096,9473,1254,7475,1841,3276,8651,3456,9777,608,2267,3125,9777,7638,3397,8408,1437,8198,1939,6759
8854,51,1482,7368,4441,4307,5316,4120,2728,8679,5226,5225,3736,6757,2594,3402,489,2223,9100,8532,4750,378,373,6626,5973,2050,1181,9572,9259,2276,5648,9744,4784,6562,9719,7358,1122,8878,2595,2931,430,7279,5572,7483,4902,5864,7773,1069,2418,8274,7058,871,6287,5640,9852,5457,486,7461,8384,1776,7771,9265,9048,8619,9154,4063,6879,4610,8938,2303,1655,3604,6361,1232,7369,1999,6622,7418,3763,9263,4421,4290,8978,344,8285,1566,5814,2445,2359,9692,7325,8596,4769,5757,1611,5370,5002,2497,9507,396
9432,7903,795,2218,908,5403,815,6757,4630,5976,3044,6400,2429,8873,7426,9748,5610,7457,8605,1883,7565,9775,9717,2960,7062,2244,5348,4264,3036,8033,8346,5735,4398,2159,2292,6942,9562,8685,4292,8192,160,4860,4436,9411,4748,7996,1943,5134,6084,8825,1925,2692,8352,7857,2339,2638,8884,9344,740,7592,4705,8336,4982,8207,7522,8977,7467,2853,3737,8229,8862,3226,4353,8268,5284,4729,2308,5763,4362,1758,5768,1564,2128,4880,8333,3439,8065,6322,2293,5655,4750,4378,2701,4164,7307,8838,597,6792,5911,9125
890,6627,276,7444,3071,4528,9737,3807,736,7165,5912,1679,5978,3567,6192,5183,8787,7406,7150,5771,9833,7928,7981,8492,4875,8730,4385,9012,622,3967,6855,9769,2406,731,1415,4891,5665,9789,1093,3630,4058,5570,8054,2165,5958,1633,5240,7979,1601,444,3165,3362,5580,9288,8654,6596,1089,2781,6939,3906,3930,4964,3048,6662,9190,4748,1849,7387,6376,758,3489,9156,1744,7117,9359,7125,4234,1799,6753,1559,7630,4058,5796,1920,3526,1723,2986,4347,1699,938,1325,1559,5827,434,5000,5591,189,5938,3174,4883
4837,6494,6604,4617,9442,732,7681,8367,3919,9366,9951,4328,7803,880,500,986,6293,8209,7193,2571,4478,3611,9950,7708,6380,7177,432,4231,1022,9957,5809,1277,1090,7721,2912,8086,7214,365,8756,4608,5137,3227,2604,8937,1128,8641,4980,4722,1854,6353,3702,6358,4406,3930,6333,2374,5074,2510,5197,8288,9747,8478,6264,4879,2513,6314,2003,3810,8371,7817,9826,3883,7988,9855,4572,2907,8003,9764,3315,1871,4555,5639,3545,3510,4731,3909,5916,33,8366,3308,7249,4396,5877,3850,7280,2755,4928,5657,1893,2849
6638,2988,4903,8505,5051,5726,9757,2271,660,1118,7824,8746,3088,9207,6489,3684,8742,2298,5301,2171,1301,4806,2930,2699,1257,9661,7303,2606,137,9739,9147,5841,5063,1931,4426,7303,5402,9935,426,6629,4463,6915,9460,8736,569,9942,2204,2139,9914,4239,5669,650,889,1934,2772,9789,4100,6857,4825,6555,3395,3702,3302,1852,3219,1025,6714,5666,7555,2306,8966,878,4386,5452,2578,4147,4016,9261,2777,8187,8786,9235,5239,7262,5891,4910,3744,136,2484,3948,6637,9653,3295,7271,5356,1737,666,3810,841,3854
6314,5354,2996,118,1458,4717,7744,1812,4488,2197,8458,4483,6107,509,1602,651,8526,7118,7091,2433,1434,1667,3491,13,575,6464,7434,9083,5923,3188,8317,8275,8810,5670,2092,7452,1463,72,8510,7840,7892,8233,2585,7923,4012,5192,6722,4706,4609,747,9965,69,5073,1547,1939,7276,672,9072,7357,6759,3057,6711,1627,1411,8225,3468,5975,8471,5432,1123,8501,6379,397,4224,1396,7329,7532,675,1276,9890,8993,8584,7860,6095,6731,9337,7376,5891,1631,883,2817,9463,7637,3831,6256,2979,2014,454,2126,1970
552,4420,2112,9373,130,8597,6171,4961,2685,9879,7935,525,945,2944,4419,1122,4702,1370,1063,5808,9387,7308,970,252,143,8795,2481,2654,8611,8192,3395,1824,3474,2120,2588,8730,6073,9462,2875,7784,5070,8755,9307,6867,1415,1200,1397,2205,1781,326,315,7524,6255,846,5020,9193,1216,531,8617,9300,467,5484,3483,5604,7535,560,9329,6383,1402,7065,8320,9355,7016,4327,7498,1371,7634,8150,1063,9034,7206,2822,1196,1014,8290,5641,2275,7510,644,8481,2571,6314,3980,1937,3529,6755,8504,85,8390,3602
9550,9299,3235,8429,9774,7656,2561,2574,5678,2603,7962,8854,8405,8534,8198,7645,7460,1229,3431,7362,8434,619,205,104,1531,8634,7906,5548,9262,9756,6180,4266,9797,5536,581,3162,9364,3042,3285,3988,9146,5448,1256,2969,2511,3804,55,315,6585,955,8180,51,6152,1716,28,3678,6325,943,1030,8784,4241,4388,947,1304,5648,3650,3751,9798,4277,2887,4057,9725,5261,6407,1342,7231,3685,4631,2512,6696,4678,9570,162,8595,8886,1990,3444,6833,5580,7444,3160,2799,8806,394,6792,5707,7333,7669,9946,6464
2287,8235,9232,2503,6885,494,2317,4750,2161,7400,2964,1678,2204,3980,6082,549,7769,5431,3974,5519,952,5024,6237,7407,8170,2287,3625,6171,7,4012,6818,5477,2737,1494,4493,5382,4962,9841,3207,3552,6881,9246,5217,9778,5801,7422,2675,8482,2237,8156,7509,7804,6144,6931,5662,5024,3808,3811,779,725,5956,5144,8920,5295,4442,3094,6737,8686,9132,1588,3210,5416,2932,7848,1236,1880,8623,4967,2693,2361,6365,3603,1800,2702,1656,7686,4465,6350,7556,3829,651,1087,2894,813,1733,5296,2704,3260,9012,4077
2028,5447,1269,745,8201,7277,7366,1077,790,1269,2438,277,3963,3049,8996,8992,9674,5285,8042,7529,1158,2913,508,4347,1762,3501,8044,7874,3460,3177,9974,7528,766,6772,7944,7223,959,1468,8655,9850,4184,2922,8498,5108,9184,6303,9977,2476,4796,6189,5400,1289,9368,2317,8151,379,3553,8503,5278,4495,5540,6059,7043,4334,428,2043,9023,7518,1883,7905,4169,541,219,3134,6641,9760,6824,6191,915,7483,2237,1,1171,5473,8545,1700,3583,7596,6207,1813,8265,1477,5771,4321,3642,4716,6741,6735,1985,1867
7875,6145,7177,9772,6167,4026,6140,911,7825,47,4833,9931,9809,4549,9597,9989,2671,3754,3560,8208,9479,2378,5462,4395,7554,1757,2151,3447,4261,5456,3366,3007,5831,4146,9945,6843,1321,3118,7712,8643,3457,4340,3739,5956,8081,2691,7949,2862,8386,7296,1953,9204,9907,1528,7985,7166,1287,2927,8530,2876,1744,1759,1502,6409,61,265,771,9271,7335,1016,578,6497,3524,6820,9150,2697,152,63,5117,1911,6108,7892,3556,2461,1761,3312,5355,5433,188,1945,844,8624,5941,9465,6289,5870,5281,4484,4519,6734
8709,2839,3503,1783,1692,8832,8961,2197,9738,9177,9514,3999,6364,9910,4186,6720,4160,8884,5132,2554,305,1509,5103,3989,4372,4953,6561,9903,5630,7965,5243,2102,8007,8936,809,2610,6932,5172,290,6876,146,6363,8081,7542,5510,3340,6149,2336,2682,8043,6033,2524,3884,4450,6478,5665,5146,4741,8175,150,4240,9605,1532,2922,1337,5697,489,8180,3157,2761,4,5467,9476,4413,5891,3497,8224,4683,2009,6991,8858,2791,3551,3645,1465,5658,3196,118,3452,6795,7440,567,5383,6400,5890,9629,1705,6068,6224,1771
3320,1046,1767,6935,2036,9518,7203,4445,3923,8269,4801,6786,8351,9353,2860,9198,3437,3415,3228,8942,8256,4020,7712,5436,403,803,3716,3608,4075,8177,6030,8369,3889,8650,835,4,2067,5681,9341,4122,7334,8656,1650,6133,383,7360,5577,4675,30,7768,4317,4555,4118,5412,4885,1961,5091,8008,3326,7829,4930,7721,3328,2656,2232,148,4837,5541,8429,108,1399,7295,6849,3593,2350,8868,3489,5442,456,8003,1260,3365,6019,629,801,8179,8449,5278,9678,1295,5962,2756,7004,683,6603,9141,4905,8380,658,3206
9005,9441,8320,4004,2435,8593,2586,1897,6900,6834,4659,2935,2295,5423,5074,9373,9885,687,7599,2740,340,3065,2540,215,4809,7871,7612,5465,3514,5466,3762,2788,5475,9844,5851,6713,6754,7009,6583,3728,4178,3489,2478,2123,4901,4543,3643,8343,8595,7698,2875,4964,367,672,7708,103,3935,9508,9840,712,5457,8572,9160,5757,7060,9566,6505,8486,9047,7688,647,8223,6857,3617,8170,9935,9523,2683,6384,8978,5666,9256,1431,6759,9215,4972,3831,1622,4376,4859,6292,6040,4413,622,4341,121,5974,9893,8264,7185
8776,1425,3,3958,5639,6855,4789,3914,2945,7506,9119,1202,2049,3107,8942,742,8139,1973,6133,9814,9237,4313,1202,7741,1699,580,1466,4224,3501,9579,3118,8267,3874,8912,729,3388,2397,2889,270,1573,7737,904,7337,4804,7496,6563,8363,266,2101,244,6403,3261,4400,9601,4565,6531,7408,2794,6713,6315,768,7758,2306,4990,4045,8950,9380,8520,2954,322,9699,8311,2457,4073,9014,8574,4933,6823,3556,5158,9772,9396,4657,1402,5316,4552,5303,9109,8158,9141,5410,4023,4181,3284,3237,7125,3802,1891,7689,1422
8955,7457,7235,2714,3042,32,9148,3272,3172,4579,8490,9348,7784,884,1559,8515,963,428,2045,170,585,716,7041,6692,5055,3879,3014,5238,2537,7987,2006,8975,6465,843,4790,6333,392,6898,1573,4146,3984,8520,962,7320,3221,8812,5197,9580,138,5251,9235,7648,6428,1374,2122,5640,9516,9257,8922,7575,8862,1196,5883,7602,3011,8295,1455,4095,5150,3949,7091,9919,6209,9988,1430,9273,3071,4924,908,8985,8567,2216,1863,2394,464,1521,3425,6921,7326,3717,2679,9,4377,1120,3950,3112,1658,4586,8372,6784
4366,2769,3547,4149,5958,1116,6968,8351,3611,5622,6649,2721,447,2066,1407,7136,141,936,337,7972,8722,3750,8860,3445,8677,1877,5480,5210,9131,2065,2240,354,1865,7354,912,7093,4909,6557,621,4543,3256,8499,3704,2896,9461,9539,4773,4452,5848,2752,5950,5631,8063,6187,6886,7197,9555,9121,2905,5775,441,7140,7743,6942,3204,1332,7789,7168,5686,6509,3792,4978,2796,4822,6572,2971,5538,8264,4792,363,2984,1498,9691,3787,905,2651,332,5008,3780,5260,4567,9078,366,331,5583,3880,8675,6417,8260,4600
8618,3570,7136,613,1610,1534,4398,1018,7197,9277,1270,2162,710,8184,9155,1141,3901,8009,535,6169,556,4445,7885,4342,1583,2809,16,9064,161,7700,1464,9687,8603,102,2433,8287,8358,4432,3575,608,9876,9107,6137,4323,4349,2309,4493,1903,3036,5920,4745,8959,8404,235,2696,377,6549,2355,360,3186,7513,9752,4284,8144,4630,3362,4673,5234,9844,9246,2648,2187,3001,3961,8346,2696,582,6041,5143,4941,8136,9472,2353,162,2098,4114,3374,6039,5297,944,6494,4399,3873,517,4468,15,6716,6613,899,4959
7987,757,7419,1777,79,8666,9532,8421,3081,4046,8484,8181,778,2730,9961,189,8365,305,4416,5242,7639,4992,5440,8540,770,659,2369,6974,4808,6359,6760,7060,5785,6270,238,7245,4789,7291,1989,431,3959,8987,1759,2383,7924,3311,3211,9190,7262,1111,2223,3853,9160,2296,9932,2444,5114,2791,1751,1022,9974,9744,4940,2435,4748,3851,3806,3693,6528,5653,7105,1501,2181,9859,1850,3450,7583,2952,4368,8422,5464,7810,9881,6672,1102,8255,8003,8028,5157,2973,4836,3823,8712,9399,9831,8848,6642,6981,7181,605
8933,5916,8333,4206,9705,6628,254,65,6368,5769,8342,2457,2809,7007,2360,4955,8703,718,959,7829,704,4871,6431,9517,9447,1719,8931,9199,7488,4801,4385,9336,5102,9634,3733,6185,3233,8824,9208,8641,543,8506,6010,6532,2203,7239,2484,7653,2958,9448,6982,2243,4034,8,8617,9098,8685,7655,7120,4189,7360,3920,8265,3169,527,6527,6512,255,8955,7110,2404,4483,2334,6135,1182,6922,9083,1974,2565,4636,9047,1791,8917,904,6383,7558,5963,5700,3441,625,8451,3885,4228,8783,9760,7033,2531,9737,6577,1605
4815,7845,1060,4293,4975,7786,1448,6970,7280,1847,3583,3714,3699,7859,7072,2772,4906,6619,6393,1722,4672,8132,3949,4813,7573,7162,4198,8975,406,7438,4996,1869,4670,5120,3910,1940,3472,2752,7346,8302,7239,9981,2629,9356,7652,5495,761,5706,3761,7384,9809,534,1128,8024,1621,528,742,8415,1918,7312,5861,576,1191,7210,4379,9441,3557,2584,9,6622,333,8395,6355,465,7298,2375,6788,278,5448,6481,3803,7316,6330,2546,5419,721,6445,3929,6157,8891,2320,9299,8604,8726,249,853,8679,2032,7208,5553
9417,568,1006,2386,7630,3647,2423,3013,8445,6968,7376,4158,7807,1077,119,6963,2443,8204,6208,3197,5057,8448,6854,5185,4910,1459,6110,975,2297,7472,7892,4162,6737,8243,4634,5933,2792,9231,115,900,7329,7296,9662,1508,5833,433,923,1603,2077,5052,3499,2913,7131,8011,5559,6838,4524,3978,3815,1227,1947,1803,7713,9907,5751,134,436,816,6744,7974,7499,7338,6216,5840,5691,1423,9793,950,5543,487,4089,8103,1459,3733,8527,5732,184,7639,6519,7730,7263,6500,6547,3048,5655,6503,526,3523,8858,6062
1950,2023,5713,8512,5056,5280,38,898,6962,7526,8182,5180,9903,8663,2973,6584,4683,4244,6046,6465,4104,5079,9549,8227,1615,380,9550,5750,2773,1435,8636,9107,5943,808,7582,2082,7052,9627,489,4184,7246,8679,7760,6296,2856,6152,8042,2777,7924,4283,9437,236,6515,5795,67,7634,2461,58,4206,6125,1634,4151,5040,8811,743,3294,6414,3595,2234,9794,1765,8763,1244,477,3370,396,3423,6913,983,2387,8879,6418,2800,401,101,9324,1416,4137,5429,5903,9059,4623,1543,1659,6105,3115,7375,7032,6817,3584
5431,5721,3970,4270,6355,5046,5643,4967,6053,1092,5217,5962,5356,8274,9833,410,7284,7777,4013,7463,3222,408,549,5650,2038,3927,8398,8124,3073,5931,2247,8298,9651,3263,9611,8080,8692,1743,6654,4697,6242,6331,6552,5540,774,8071,4146,8481,8718,2237,4524,7639,7467,3270,283,7843,8367,6416,6957,6368,9860,7491,62,7108,8254,7121,15,675,6572,7023,2366,276,7268,2878,1442,1099,9886,8649,5443,6217,4991,722,693,4875,4608,6533,3786,7623,2322,5564,8781,2906,4050,3037,274,489,9444,8974,2647,5113
7235,69,3438,4434,5909,1094,7907,35,6681,382,8276,8284,6771,278,9641,4630,1778,3638,4101,3551,80,2368,1989,3380,1492,7564,1672,7997,1758,8816,6468,2184,5518,5184,5781,241,1352,394,6394,4370,5403,9259,4729,3870,2491,117,1652,1797,2817,161,6703,5284,8495,3900,8873,3819,894,3292,7689,915,918,3819,5504,4032,226,8975,8949,3902,2551,2803,3458,1451,3166,5172,1654,7444,7705,9656,8592,2323,6661,206,9701,7738,818,1358,9220,6168,6580,7245,8829,8329,4385,2801,2876,3582,2484,3730,4731,6360
6237,3503,4161,199,1450,9870,7835,6501,2739,214,8480,5099,8750,6267,5223,3148,3960,6599,5795,6770,3239,3015,4766,5277,9845,3675,3238,5801,7669,2699,2613,5879,4323,2306,3619,7726,4576,9104,7724,6133,4537,1901,5728,1203,3468,4130,1417,4116,6544,7865,1481,5548,8444,4947,218,2283,1236,4605,6244,4115,615,6878,202,3740,9072,6833,8446,5786,2678,2369,4690,1395,1475,1422,7691,7457,8613,4541,2558,2694,8759,8140,4027,6097,8410,5613,6555,9439,6785,3266,5899,2873,5574,9700,5539,2185,3859,9070,2424,1891
261,2166,2824,3205,9278,2169,2752,205,8432,1857,3395,9463,3207,9988,8306,4458,7977,1237,8348,2266,1105,6519,4631,9096,8289,9578,6356,7854,9569,9168,9047,4382,4902,177,8491,8863,2050,5581,583,6558,9412,2039,5976,1432,9592,1948,605,8172,1678,7601,961,6640,9825,1630,5617,8913,7745,9104,1629,3099,2137,2053,169,2892,8184,2732,5910,2974,3,9605,5670,133,1841,1369,3364,4440,6979,8326,6365,401,3041,7545,8152,2738,9448,2565,7081,1746,1353,7482,3226,9481,4895,5792,742,3115,3093,460,784,1604
5615,3413,4685,7202,6761,3274,6329,7010,9424,6247,7163,3765,6991,7916,6933,1857,9720,9144,6499,4061,89,6382,472,1815,1195,2338,2041,3431,9775,496,2968,2259,5615,1440,8369,407,2651,915,8678,6388,9768,7383,798,4510,2643,294,2008,8464,5041,3756,4943,183,6163,2687,4349,800,6159,2066,2157,5768,6427,6905,3351,9700,3443,7981,8836,4083,5959,7850,6552,407,9723,8073,1826,6111,5692,7743,2816,6102,8044,4587,6928,6634,3244,5763,6460,2385,4205,3686,8894,661,4103,9256,2876,4108,9371,3460,9125,8888
1699,7155,9451,7419,5416,8371,4363,1789,1874,2653,7005,5509,4831,2919,7430,101,2752,7778,2534,237,5444,6175,9323,2367,8978,8109,8884,9502,9451,9851,1241,7042,7894,6204,6791,3095,1930,2754,3344,786,6397,679,6890,5256,4930,4879,1222,7211,5215,6601,4202,6709,3069,9534,6045,7676,6951,9557,3656,6983,3367,9981,668,4046,2155,2088,4548,2617,9732,3340,4830,6746,8845,2628,4891,3772,5781,9039,4356,3764,4370,3553,8768,7107,9185,6108,7111,9538,3036,9541,86,5100,7293,8548,4973,8674,2465,8164,2242,150
8375,4790,8061,6286,9646,5319,5396,3623,8410,9449,9094,8790,1841,9928,9289,7927,330,5525,8511,6466,6785,3076,4059,7404,6146,705,3393,8870,6580,3217,1439,1244,3200,6114,5273,5933,2579,4874,2249,7378,3260,7473,8341,7979,8504,8285,9358,6886,8,2825,7645,6236,4159,3061,9943,7802,1592,1480,3293,357,7980,2827,3936,7353,6392,9691,6229,6500,4483,7386,4426,5559,8451,805,1993,6736,8654,4552,9565,3832,6135,3772,1681,4623,1135,8209,2097,4517,3766,6558,1027,3437,7425,1321,4270,396,7484,4236,654,7214
5120,1358,2337,649,8249,4692,1941,4017,6128,6677,1873,5580,1876,6922,9319,5331,6194,2921,2401,4427,6726,258,9716,4955,4502,5377,2985,5176,2121,6798,8450,1741,3304,7665,3530,6747,6646,4425,1726,1373,4663,8255,7466,2381,5406,3359,252,6181,5428,4637,3418,7239,3176,2040,8148,927,2700,9045,4266,3601,5170,9657,3847,420,4660,8113,5044,2643,3168,3598,6987,7961,8868,609,8047,7115,8937,4073,3843,9215,3218,771,8642,7063,6270,129,3819,9763,9913,4202,7775,1079,9896,1300,568,6252,9159,4028,7187,6691
3980,429,9587,916,5723,384,3774,8800,6875,4603,3493,3946,4644,6730,1484,2431,6221,2403,518,2116,8093,4423,6217,5128,4588,1349,5924,7256,1096,7527,9109,3222,9291,4489,9361,4650,4879,3250,5103,3733,7415,7702,9135,4069,6237,2117,3934,4309,2020,2692,8299,4562,1939,3035,978,9292,6714,3305,6785,2962,9360,6747,9013,2203,1526,126,1985,3925,493,5927,1715,1944,4784,6446,6420,2580,91,7081,6043,7493,2780,7758,7391,4602,8741,7839,7624,4409,4113,4162,6276,5837,8136,1939,6723,2440,4029,2372,122,1908
2015,958,9841,9143,3134,2279,843,2427,868,5268,9970,1319,4502,7432,8339,3819,5288,6261,4863,1223,8130,5093,6199,801,1297,1032,8726,1897,9176,7273,8998,9324,5498,3602,3023,3669,4893,8856,2660,8531,35,9322,1685,409,5871,5963,4893,3003,7027,2704,1616,1932,2838,4917,8349,5219,8266,2886,1075,8369,6367,8801,2020,704,6573,9097,6705,7455,6726,9013,3142,9935,5395,8865,1137,2720,1828,7018,9337,3120,8141,5815,9906,6347,4443,9671,5839,5760,6835,4008,8479,8761,7476,7657,3592,645,5725,3098,2679,4465
7566,5377,5194,9012,7167,9483,1834,3598,2851,5417,2120,107,3104,4630,6998,5686,8750,2252,2907,3696,9539,3099,6107,300,8298,5289,4288,4241,8945,4170,7704,7740,3700,7525,802,4485,8333,1952,2022,3930,9024,2057,7846,624,5084,9122,2382,4788,825,2889,3301,1662,1582,7058,1631,4309,2388,8065,1608,602,5038,7426,5374,5104,1275,2841,7636,7385,1273,4221,213,4149,5020,5726,4167,6021,9368,7083,9405,2185,2358,1236,3971,4698,3071,7112,2880,7281,8258,7113,6976,330,4919,56,6236,3890,3865,2490,5679,1138
1371,2641,9002,2335,988,7198,3838,8853,5203,2422,1976,3857,2614,274,874,787,931,7973,8751,1998,6873,7952,4626,4418,7754,9967,1798,9277,3718,3315,7108,6158,3348,4992,4011,4635,8137,357,3968,1330,803,7673,5447,3501,3964,9464,7636,7732,102,5605,9681,8562,4350,8249,1419,6250,887,7793,5404,7005,8037,6027,1206,4312,1127,3873,6538,223,2695,7898,7156,6722,3070,5822,700,2573,4137,7117,9329,3764,205,4644,87,744,3853,5103,429,9082,2135,5904,9874,6435,4318,5644,955,215,6752,4969,231,1733
7055,654,7127,5777,7716,120,3525,6562,2824,3284,8118,6070,4868,5702,5697,8055,835,6514,1859,906,8581,3197,1901,7638,2838,3457,4331,3616,6740,7525,4365,8776,5843,3999,9389,9380,8532,148,7332,8392,3187,1591,3961,7277,4135,3307,9618,9804,435,3957,460,4665,1109,8371,9768,7763,4029,1342,1912,8459,5101,8450,8642,7338,6105,5928,3256,9566,5919,4601,5548,6280,5285,9263,3805,3948,322,7499,9959,7112,5123,6222,252,5495,1347,9805,6472,3365,5769,4896,6220,1991,3131,4142,3990,1849,2761,969,6736,235
1044,2435,464,158,1343,9873,2942,9739,9155,2345,5228,4955,1136,3955,9859,3756,9179,8338,4589,7269,6083,8534,8593,7668,7731,9252,2517,774,5149,4755,8762,4924,4271,6512,8783,4679,8955,9467,1510,9879,3107,4283,1778,17,9135,8077,3410,8782,256,7743,4872,8668,4442,4473,217,1790,8773,1911,3532,3623,5631,9,3997,6205,971,6073,158,6597,5327,9490,5217,8405,9517,4400,4980,1359,5338,5061,465,6138,8396,7456,93,1092,6904,2920,6689,8456,7731,3875,1557,5948,6103,840,4115,8609,2460,4393,7864,1883
1030,3568,1004,1535,2028,8194,3530,3499,815,4134,5896,2104,8668,9708,4845,8281,389,1211,3126,3333,793,3092,7330,9762,1253,285,4348,1658,9916,9673,6883,2627,7308,5753,7224,4314,5121,3880,9566,2611,8980,9846,5157,7416,7294,3942,1068,8678,1648,4571,3694,17,7233,5113,1690,3155,3483,4446,192,1935,277,8347,2582,2246,5340,2232,2599,7793,2977,13,4337,4087,9696,9358,9593,1713,8799,628,2076,1218,1926,9140,2768,6206,2946,1894,6889,1758,5135,7665,51,195,1566,6050,2478,7352,4286,593,330,2075
7293,8063,1562,2785,6073,6662,3511,2609,2593,694,8074,9112,7004,3891,2374,5548,2630,8300,2033,4854,1772,5027,2515,9438,5526,9521,9803,3805,8040,2845,7757,9535,8151,7995,5285,3257,3935,5770,6634,4039,8067,5640,2855,5095,2760,7937,8765,4175,638,6773,1302,7249,5497,6837,4140,3416,4728,4982,7922,5941,5755,472,2258,2153,5869,7514,399,6037,854,4622,5140,5936,1652,5721,4029,1238,4614,1167,7886,9940,4213,3293,3680,5455,7095,8644,7571,1067,295,3263,2543,55,6903,6387,8153,967,2759,6799,3440,1930
2341,6584,3921,2932,8851,2862,5949,7632,5679,4962,7499,2366,4129,114,3391,7043,1766,1107,2270,8272,1253,5193,4382,6023,3023,7473,4200,8514,8585,1257,8038,1765,2084,6439,767,7790,5199,427,3233,5747,7769,2784,3667,3628,5455,9069,1694,8319,2072,3060,1031,5373,8850,1328,5318,3629,3377,1704,7880,5709,8776,4743,9032,7155,6656,3753,8807,8833,1080,7721,3448,5582,9847,4888,807,6638,8111,7383,3453,8958,5383,8284,161,1828,621,3712,5736,5198,6494,2515,2191,7797,4775,2847,2291,5929,1086,9285,5751,6613
7944,8036,2380,3844,6630,3554,5550,8396,2624,6031,8778,5035,655,7909,9123,1018,2971,7437,1890,1733,2684,9996,4738,7705,8747,3905,3288,7893,3590,4331,8445,3374,472,8122,3040,8201,7673,9534,8690,4322,1904,8376,9366,411,7857,6442,3484,2511,4646,1849,9156,7643,8254,3097,3411,2571,2482,8523,9343,2902,1102,7551,4900,1747,8200,8114,9331,3309,2707,7999,9630,8958,1296,5775,1128,5106,4512,7445,1054,1302,2135,688,1859,5084,3085,243,8841,5255,5678,9386,1413,2926,1043,3684,1877,874,1914,1076,6055,885
